gel,name,transmission,source,added
L002,Rose Pink,0.342,"leefilters.com filter page, Tungsten Transmission Y (the Source C daylight figure is also published and differs)",2026.09.29
L003,Lavender Tint,0.750,"leefilters.com filter page, Tungsten Transmission Y (the Source C daylight figure is also published and differs)",2026.09.29
L004,Medium Bastard Amber,0.655,"leefilters.com filter page, Tungsten Transmission Y (the Source C daylight figure is also published and differs)",2026.09.29
L007,Pale Yellow,0.872,"leefilters.com filter page, Tungsten Transmission Y (the Source C daylight figure is also published and differs)",2026.09.29
L008,Dark Salmon,0.430,"leefilters.com filter page, Tungsten Transmission Y (the Source C daylight figure is also published and differs)",2026.09.29
L009,Pale Amber Gold,0.750,"leefilters.com filter page, Tungsten Transmission Y (the Source C daylight figure is also published and differs)",2026.09.29
L010,Medium Yellow,0.881,"leefilters.com filter page, Tungsten Transmission Y (the Source C daylight figure is also published and differs)",2026.09.29
L013,Straw Tint,0.757,"leefilters.com filter page, Tungsten Transmission Y (the Source C daylight figure is also published and differs)",2026.09.29
L015,Deep Straw,0.675,"leefilters.com filter page, Tungsten Transmission Y (the Source C daylight figure is also published and differs)",2026.09.29
L017,Surprise Peach,0.219,"leefilters.com filter page, Tungsten Transmission Y (the Source C daylight figure is also published and differs)",2026.09.29
L019,Fire,0.240,"leefilters.com filter page, Tungsten Transmission Y (the Source C daylight figure is also published and differs)",2026.09.29
L020,Medium Amber,0.568,"leefilters.com filter page, Tungsten Transmission Y (the Source C daylight figure is also published and differs)",2026.09.29
L021,Gold Amber,0.395,"leefilters.com filter page, Tungsten Transmission Y (the Source C daylight figure is also published and differs)",2026.09.29
L022,Dark Amber,0.305,"leefilters.com filter page, Tungsten Transmission Y (the Source C daylight figure is also published and differs)",2026.09.29
L024,Scarlet,0.255,"leefilters.com filter page, Tungsten Transmission Y (the Source C daylight figure is also published and differs)",2026.09.29
L025,Sunset Red,0.342,"leefilters.com filter page, Tungsten Transmission Y (the Source C daylight figure is also published and differs)",2026.09.29
L026,Bright Red,0.091,"leefilters.com filter page, Tungsten Transmission Y (the Source C daylight figure is also published and differs)",2026.09.29
L027,Medium Red,0.053,"leefilters.com filter page, Tungsten Transmission Y (the Source C daylight figure is also published and differs)",2026.09.29
L029,Plasa Red,0.087,"leefilters.com filter page, Tungsten Transmission Y (the Source C daylight figure is also published and differs)",2026.09.29
L035,Light Pink,0.640,"leefilters.com filter page, Tungsten Transmission Y (the Source C daylight figure is also published and differs)",2026.09.29
L036,Medium Pink,0.482,"leefilters.com filter page, Tungsten Transmission Y (the Source C daylight figure is also published and differs)",2026.09.29
L046,Dark Magenta,0.082,"leefilters.com filter page, Tungsten Transmission Y (the Source C daylight figure is also published and differs)",2026.09.29
L048,Rose Purple,0.167,"leefilters.com filter page, Tungsten Transmission Y (the Source C daylight figure is also published and differs)",2026.09.29
L049,Medium Purple,0.058,"leefilters.com filter page, Tungsten Transmission Y (the Source C daylight figure is also published and differs)",2026.09.29
L052,Light Lavender,0.314,"leefilters.com filter page, Tungsten Transmission Y (the Source C daylight figure is also published and differs)",2026.09.29
L053,Paler Lavender,0.605,"leefilters.com filter page, Tungsten Transmission Y (the Source C daylight figure is also published and differs)",2026.09.29
L058,Lavender,0.080,"leefilters.com filter page, Tungsten Transmission Y (the Source C daylight figure is also published and differs)",2026.09.29
L061,Mist Blue,0.600,"leefilters.com filter page, Tungsten Transmission Y (the Source C daylight figure is also published and differs)",2026.09.29
L063,Pale Blue,0.520,"leefilters.com filter page, Tungsten Transmission Y (the Source C daylight figure is also published and differs)",2026.09.29
L068,Sky Blue,0.094,"leefilters.com filter page, Tungsten Transmission Y (the Source C daylight figure is also published and differs)",2026.09.29
L071,Tokyo Blue,0.003,"leefilters.com filter page, Tungsten Transmission Y (the Source C daylight figure is also published and differs)",2026.09.29
L075,Evening Blue,0.085,"leefilters.com filter page, Tungsten Transmission Y (the Source C daylight figure is also published and differs)",2026.09.29
L079,Just Blue,0.043,"leefilters.com filter page, Tungsten Transmission Y (the Source C daylight figure is also published and differs)",2026.09.29
L085,Deeper Blue,0.015,"leefilters.com filter page, Tungsten Transmission Y (the Source C daylight figure is also published and differs)",2026.09.29
L088,Lime Green,0.698,"leefilters.com filter page, Tungsten Transmission Y (the Source C daylight figure is also published and differs)",2026.09.29
L089,Moss Green,0.280,"leefilters.com filter page, Tungsten Transmission Y (the Source C daylight figure is also published and differs)",2026.09.29
L090,Dark Yellow Green,0.090,"leefilters.com filter page, Tungsten Transmission Y (the Source C daylight figure is also published and differs)",2026.09.29
L100,Spring Yellow,0.865,"leefilters.com filter page, Tungsten Transmission Y (the Source C daylight figure is also published and differs)",2026.09.29
L101,Yellow,0.807,"leefilters.com filter page, Tungsten Transmission Y (the Source C daylight figure is also published and differs)",2026.09.29
L102,Light Amber,0.780,"leefilters.com filter page, Tungsten Transmission Y (the Source C daylight figure is also published and differs)",2026.09.29
L103,Straw,0.848,"leefilters.com filter page, Tungsten Transmission Y (the Source C daylight figure is also published and differs)",2026.09.29
L104,Deep Amber,0.730,"leefilters.com filter page, Tungsten Transmission Y (the Source C daylight figure is also published and differs)",2026.09.29
L105,Orange,0.500,"leefilters.com filter page, Tungsten Transmission Y (the Source C daylight figure is also published and differs)",2026.09.29
L106,Primary Red,0.128,"leefilters.com filter page, Tungsten Transmission Y (the Source C daylight figure is also published and differs)",2026.09.29
L107,Light Rose,0.540,"leefilters.com filter page, Tungsten Transmission Y (the Source C daylight figure is also published and differs)",2026.09.29
L108,English Rose,0.615,"leefilters.com filter page, Tungsten Transmission Y (the Source C daylight figure is also published and differs)",2026.09.29
L109,Light Salmon,0.580,"leefilters.com filter page, Tungsten Transmission Y (the Source C daylight figure is also published and differs)",2026.09.29
L110,Middle Rose,0.544,"leefilters.com filter page, Tungsten Transmission Y (the Source C daylight figure is also published and differs)",2026.09.29
L111,Dark Pink,0.397,"leefilters.com filter page, Tungsten Transmission Y (the Source C daylight figure is also published and differs)",2026.09.29
L113,Magenta,0.147,"leefilters.com filter page, Tungsten Transmission Y (the Source C daylight figure is also published and differs)",2026.09.29
L115,Peacock Blue,0.286,"leefilters.com filter page, Tungsten Transmission Y (the Source C daylight figure is also published and differs)",2026.09.29
L116,Medium Blue Green,0.124,"leefilters.com filter page, Tungsten Transmission Y (the Source C daylight figure is also published and differs)",2026.09.29
L117,Steel Blue,0.530,"leefilters.com filter page, Tungsten Transmission Y (the Source C daylight figure is also published and differs)",2026.09.29
L118,Light Blue,0.192,"leefilters.com filter page, Tungsten Transmission Y (the Source C daylight figure is also published and differs)",2026.09.29
L119,Dark Blue,0.023,"leefilters.com filter page, Tungsten Transmission Y (the Source C daylight figure is also published and differs)",2026.09.29
L120,Deep Blue,0.011,"leefilters.com filter page, Tungsten Transmission Y (the Source C daylight figure is also published and differs)",2026.09.29
L121,Lee Green,0.580,"leefilters.com filter page, Tungsten Transmission Y (the Source C daylight figure is also published and differs)",2026.09.29
L122,Fern Green,0.457,"leefilters.com filter page, Tungsten Transmission Y (the Source C daylight figure is also published and differs)",2026.09.29
L124,Dark Green,0.256,"leefilters.com filter page, Tungsten Transmission Y (the Source C daylight figure is also published and differs)",2026.09.29
L126,Mauve,0.050,"leefilters.com filter page, Tungsten Transmission Y (the Source C daylight figure is also published and differs)",2026.09.29
L127,Smokey Pink,0.118,"leefilters.com filter page, Tungsten Transmission Y (the Source C daylight figure is also published and differs)",2026.09.29
L128,Bright Pink,0.188,"leefilters.com filter page, Tungsten Transmission Y (the Source C daylight figure is also published and differs)",2026.09.29
L130,Clear,0.892,"leefilters.com filter page, Tungsten Transmission Y (the Source C daylight figure is also published and differs)",2026.09.29
L131,Marine Blue,0.370,"leefilters.com filter page, Tungsten Transmission Y (the Source C daylight figure is also published and differs)",2026.09.29
L132,Medium Blue,0.070,"leefilters.com filter page, Tungsten Transmission Y (the Source C daylight figure is also published and differs)",2026.09.29
L134,Golden Amber,0.432,"leefilters.com filter page, Tungsten Transmission Y (the Source C daylight figure is also published and differs)",2026.09.29
L135,Deep Golden Amber,0.265,"leefilters.com filter page, Tungsten Transmission Y (the Source C daylight figure is also published and differs)",2026.09.29
L136,Pale Lavender,0.428,"leefilters.com filter page, Tungsten Transmission Y (the Source C daylight figure is also published and differs)",2026.09.29
L137,Special Lavender,0.280,"leefilters.com filter page, Tungsten Transmission Y (the Source C daylight figure is also published and differs)",2026.09.29
L138,Pale Green,0.750,"leefilters.com filter page, Tungsten Transmission Y (the Source C daylight figure is also published and differs)",2026.09.29
L139,Primary Green,0.101,"leefilters.com filter page, Tungsten Transmission Y (the Source C daylight figure is also published and differs)",2026.09.29
L140,Summer Blue,0.368,"leefilters.com filter page, Tungsten Transmission Y (the Source C daylight figure is also published and differs)",2026.09.29
L141,Bright Blue,0.140,"leefilters.com filter page, Tungsten Transmission Y (the Source C daylight figure is also published and differs)",2026.09.29
L142,Pale Violet,0.194,"leefilters.com filter page, Tungsten Transmission Y (the Source C daylight figure is also published and differs)",2026.09.29
L143,Pale Navy Blue,0.131,"leefilters.com filter page, Tungsten Transmission Y (the Source C daylight figure is also published and differs)",2026.09.29
L144,No Colour Blue,0.283,"leefilters.com filter page, Tungsten Transmission Y (the Source C daylight figure is also published and differs)",2026.09.29
L147,Apricot,0.583,"leefilters.com filter page, Tungsten Transmission Y (the Source C daylight figure is also published and differs)",2026.09.29
L148,Bright Rose,0.211,"leefilters.com filter page, Tungsten Transmission Y (the Source C daylight figure is also published and differs)",2026.09.29
L151,Gold Tint,0.690,"leefilters.com filter page, Tungsten Transmission Y (the Source C daylight figure is also published and differs)",2026.09.29
L152,Pale Gold,0.742,"leefilters.com filter page, Tungsten Transmission Y (the Source C daylight figure is also published and differs)",2026.09.29
L153,Pale Salmon,0.671,"leefilters.com filter page, Tungsten Transmission Y (the Source C daylight figure is also published and differs)",2026.09.29
L154,Pale Rose,0.731,"leefilters.com filter page, Tungsten Transmission Y (the Source C daylight figure is also published and differs)",2026.09.29
L156,Chocolate,0.247,"leefilters.com filter page, Tungsten Transmission Y (the Source C daylight figure is also published and differs)",2026.09.29
L157,Pink,0.401,"leefilters.com filter page, Tungsten Transmission Y (the Source C daylight figure is also published and differs)",2026.09.29
L158,Deep Orange,0.406,"leefilters.com filter page, Tungsten Transmission Y (the Source C daylight figure is also published and differs)",2026.09.29
L159,No Colour Straw,0.875,"leefilters.com filter page, Tungsten Transmission Y (the Source C daylight figure is also published and differs)",2026.09.29
L161,Slate Blue,0.215,"leefilters.com filter page, Tungsten Transmission Y (the Source C daylight figure is also published and differs)",2026.09.29
L162,Bastard Amber,0.795,"leefilters.com filter page, Tungsten Transmission Y (the Source C daylight figure is also published and differs)",2026.09.29
L164,Flame Red,0.232,"leefilters.com filter page, Tungsten Transmission Y (the Source C daylight figure is also published and differs)",2026.09.29
L165,Daylight Blue,0.173,"leefilters.com filter page, Tungsten Transmission Y (the Source C daylight figure is also published and differs)",2026.09.29
L169,Lilac Tint,0.574,"leefilters.com filter page, Tungsten Transmission Y (the Source C daylight figure is also published and differs)",2026.09.29
L170,Deep Lavender,0.243,"leefilters.com filter page, Tungsten Transmission Y (the Source C daylight figure is also published and differs)",2026.09.29
L172,Lagoon Blue,0.163,"leefilters.com filter page, Tungsten Transmission Y (the Source C daylight figure is also published and differs)",2026.09.29
L174,Dark Steel Blue,0.303,"leefilters.com filter page, Tungsten Transmission Y (the Source C daylight figure is also published and differs)",2026.09.29
L176,Loving Amber,0.550,"leefilters.com filter page, Tungsten Transmission Y (the Source C daylight figure is also published and differs)",2026.09.29
L179,Chrome Orange,0.610,"leefilters.com filter page, Tungsten Transmission Y (the Source C daylight figure is also published and differs)",2026.09.29
L180,Dark Lavender,0.069,"leefilters.com filter page, Tungsten Transmission Y (the Source C daylight figure is also published and differs)",2026.09.29
L181,Congo Blue,0.006,"leefilters.com filter page, Tungsten Transmission Y (the Source C daylight figure is also published and differs)",2026.09.29
L182,Light Red,0.150,"leefilters.com filter page, Tungsten Transmission Y (the Source C daylight figure is also published and differs)",2026.09.29
L183,Moonlight Blue,0.155,"leefilters.com filter page, Tungsten Transmission Y (the Source C daylight figure is also published and differs)",2026.09.29
L184,Cosmetic Peach,0.600,"leefilters.com filter page, Tungsten Transmission Y (the Source C daylight figure is also published and differs)",2026.09.29
L186,Cosmetic Silver Rose,0.601,"leefilters.com filter page, Tungsten Transmission Y (the Source C daylight figure is also published and differs)",2026.09.29
L187,Cosmetic Rouge,0.583,"leefilters.com filter page, Tungsten Transmission Y (the Source C daylight figure is also published and differs)",2026.09.29
L188,Cosmetic Highlight,0.657,"leefilters.com filter page, Tungsten Transmission Y (the Source C daylight figure is also published and differs)",2026.09.29
L189,Cosmetic Silver Moss,0.694,"leefilters.com filter page, Tungsten Transmission Y (the Source C daylight figure is also published and differs)",2026.09.29
L191,Cosmetic Aqua Blue,0.642,"leefilters.com filter page, Tungsten Transmission Y (the Source C daylight figure is also published and differs)",2026.09.29
L192,Flesh Pink,0.414,"leefilters.com filter page, Tungsten Transmission Y (the Source C daylight figure is also published and differs)",2026.09.29
L194,Surprise Pink,0.224,"leefilters.com filter page, Tungsten Transmission Y (the Source C daylight figure is also published and differs)",2026.09.29
L195,Zenith Blue,0.025,"leefilters.com filter page, Tungsten Transmission Y (the Source C daylight figure is also published and differs)",2026.09.29
L196,True Blue,0.239,"leefilters.com filter page, Tungsten Transmission Y (the Source C daylight figure is also published and differs)",2026.09.29
L197,Alice Blue,0.090,"leefilters.com filter page, Tungsten Transmission Y (the Source C daylight figure is also published and differs)",2026.09.29
L198,Palace Blue,0.011,"leefilters.com filter page, Tungsten Transmission Y (the Source C daylight figure is also published and differs)",2026.09.29
L199,Regal Blue,0.038,"leefilters.com filter page, Tungsten Transmission Y (the Source C daylight figure is also published and differs)",2026.09.29
L200,Double C T Blue,0.149,"leefilters.com filter page, Tungsten Transmission Y (the Source C daylight figure is also published and differs)",2026.09.29
L201,Full C T Blue,0.350,"leefilters.com filter page, Tungsten Transmission Y (the Source C daylight figure is also published and differs)",2026.09.29
L202,Half C T Blue,0.532,"leefilters.com filter page, Tungsten Transmission Y (the Source C daylight figure is also published and differs)",2026.09.29
L203,Quarter C T Blue,0.705,"leefilters.com filter page, Tungsten Transmission Y (the Source C daylight figure is also published and differs)",2026.09.29
L204,Full C T Orange,0.628,"leefilters.com filter page, Tungsten Transmission Y (the Source C daylight figure is also published and differs)",2026.09.29
L205,Half C T Orange,0.745,"leefilters.com filter page, Tungsten Transmission Y (the Source C daylight figure is also published and differs)",2026.09.29
L206,Quarter C T Orange,0.826,"leefilters.com filter page, Tungsten Transmission Y (the Source C daylight figure is also published and differs)",2026.09.29
L207,Full C T Orange 3Nd,0.326,"leefilters.com filter page, Tungsten Transmission Y (the Source C daylight figure is also published and differs)",2026.09.29
L208,Full C T Orange 6Nd,0.164,"leefilters.com filter page, Tungsten Transmission Y (the Source C daylight figure is also published and differs)",2026.09.29
L209,0 3Nd,0.500,"leefilters.com filter page, Tungsten Transmission Y (the Source C daylight figure is also published and differs)",2026.09.29
L210,0 6Nd,0.245,"leefilters.com filter page, Tungsten Transmission Y (the Source C daylight figure is also published and differs)",2026.09.29
L211,0 9Nd,0.118,"leefilters.com filter page, Tungsten Transmission Y (the Source C daylight figure is also published and differs)",2026.09.29
L212,L C T Yellow Y1,0.888,"leefilters.com filter page, Tungsten Transmission Y (the Source C daylight figure is also published and differs)",2026.09.29
L213,White Flame Green,0.800,"leefilters.com filter page, Tungsten Transmission Y (the Source C daylight figure is also published and differs)",2026.09.29
L218,Eighth C T Blue,0.802,"leefilters.com filter page, Tungsten Transmission Y (the Source C daylight figure is also published and differs)",2026.09.29
L219,Lee Fluorescent Green,0.271,"leefilters.com filter page, Tungsten Transmission Y (the Source C daylight figure is also published and differs)",2026.09.29
L221,Blue Frost,0.420,"leefilters.com filter page, Tungsten Transmission Y (the Source C daylight figure is also published and differs)",2026.09.29
L223,Eighth C T Orange,0.850,"leefilters.com filter page, Tungsten Transmission Y (the Source C daylight figure is also published and differs)",2026.09.29
L224,Daylight Blue Frost,0.220,"leefilters.com filter page, Tungsten Transmission Y (the Source C daylight figure is also published and differs)",2026.09.29
L225,Neutral Density Frost,0.250,"leefilters.com filter page, Tungsten Transmission Y (the Source C daylight figure is also published and differs)",2026.09.29
L226,Lee U V,0.898,"leefilters.com filter page, Tungsten Transmission Y (the Source C daylight figure is also published and differs)",2026.09.29
L230,Super Correction L C T Yellow,0.428,"leefilters.com filter page, Tungsten Transmission Y (the Source C daylight figure is also published and differs)",2026.09.29
L232,Super Correction W F Green,0.418,"leefilters.com filter page, Tungsten Transmission Y (the Source C daylight figure is also published and differs)",2026.09.29
L236,H M I To Tungsten,0.611,"leefilters.com filter page, Tungsten Transmission Y (the Source C daylight figure is also published and differs)",2026.09.29
L237,C I D To Tungsten,0.470,"leefilters.com filter page, Tungsten Transmission Y (the Source C daylight figure is also published and differs)",2026.09.29
L238,C S I To Tungsten,0.384,"leefilters.com filter page, Tungsten Transmission Y (the Source C daylight figure is also published and differs)",2026.09.29
L241,Lee Fluorescent 5700 Kelvin,0.290,"leefilters.com filter page, Tungsten Transmission Y (the Source C daylight figure is also published and differs)",2026.09.29
L242,Lee Fluorescent 4300 Kelvin,0.393,"leefilters.com filter page, Tungsten Transmission Y (the Source C daylight figure is also published and differs)",2026.09.29
L243,Lee Fluorescent 3600 Kelvin,0.509,"leefilters.com filter page, Tungsten Transmission Y (the Source C daylight figure is also published and differs)",2026.09.29
L244,Lee Plus Green,0.740,"leefilters.com filter page, Tungsten Transmission Y (the Source C daylight figure is also published and differs)",2026.09.29
L245,Half Plus Green,0.816,"leefilters.com filter page, Tungsten Transmission Y (the Source C daylight figure is also published and differs)",2026.09.29
L246,Quarter Plus Green,0.850,"leefilters.com filter page, Tungsten Transmission Y (the Source C daylight figure is also published and differs)",2026.09.29
L247,Lee Minus Green,0.600,"leefilters.com filter page, Tungsten Transmission Y (the Source C daylight figure is also published and differs)",2026.09.29
L248,Half Minus Green,0.710,"leefilters.com filter page, Tungsten Transmission Y (the Source C daylight figure is also published and differs)",2026.09.29
L249,Quarter Minus Green,0.805,"leefilters.com filter page, Tungsten Transmission Y (the Source C daylight figure is also published and differs)",2026.09.29
L278,Eighth Plus Green,0.895,"leefilters.com filter page, Tungsten Transmission Y (the Source C daylight figure is also published and differs)",2026.09.29
L279,Eighth Minus Green,0.846,"leefilters.com filter page, Tungsten Transmission Y (the Source C daylight figure is also published and differs)",2026.09.29
L281,Three Quarter C T Blue,0.403,"leefilters.com filter page, Tungsten Transmission Y (the Source C daylight figure is also published and differs)",2026.09.29
L283,One And A Half C T Blue,0.212,"leefilters.com filter page, Tungsten Transmission Y (the Source C daylight figure is also published and differs)",2026.09.29
L285,Three Quarter C T Orange,0.671,"leefilters.com filter page, Tungsten Transmission Y (the Source C daylight figure is also published and differs)",2026.09.29
L286,One And A Half C T Orange,0.543,"leefilters.com filter page, Tungsten Transmission Y (the Source C daylight figure is also published and differs)",2026.09.29
L287,Double C T Orange,0.474,"leefilters.com filter page, Tungsten Transmission Y (the Source C daylight figure is also published and differs)",2026.09.29
L298,0 15Nd,0.711,"leefilters.com filter page, Tungsten Transmission Y (the Source C daylight figure is also published and differs)",2026.09.29
L299,1 2Nd,0.058,"leefilters.com filter page, Tungsten Transmission Y (the Source C daylight figure is also published and differs)",2026.09.29
L322,Soft Green,0.315,"leefilters.com filter page, Tungsten Transmission Y (the Source C daylight figure is also published and differs)",2026.09.29
L323,Jade,0.258,"leefilters.com filter page, Tungsten Transmission Y (the Source C daylight figure is also published and differs)",2026.09.29
L327,Forest Green,0.035,"leefilters.com filter page, Tungsten Transmission Y (the Source C daylight figure is also published and differs)",2026.09.29
L328,Follies Pink,0.246,"leefilters.com filter page, Tungsten Transmission Y (the Source C daylight figure is also published and differs)",2026.09.29
L332,Special Rose Pink,0.140,"leefilters.com filter page, Tungsten Transmission Y (the Source C daylight figure is also published and differs)",2026.09.29
L343,Special Medium Lavender,0.045,"leefilters.com filter page, Tungsten Transmission Y (the Source C daylight figure is also published and differs)",2026.09.29
L345,Fuchsia Pink,0.152,"leefilters.com filter page, Tungsten Transmission Y (the Source C daylight figure is also published and differs)",2026.09.29
L352,Glacier Blue,0.188,"leefilters.com filter page, Tungsten Transmission Y (the Source C daylight figure is also published and differs)",2026.09.29
L353,Lighter Blue,0.345,"leefilters.com filter page, Tungsten Transmission Y (the Source C daylight figure is also published and differs)",2026.09.29
L354,Special Steel Blue,0.311,"leefilters.com filter page, Tungsten Transmission Y (the Source C daylight figure is also published and differs)",2026.09.29
L363,Special Medium Blue,0.021,"leefilters.com filter page, Tungsten Transmission Y (the Source C daylight figure is also published and differs)",2026.09.29
L366,Cornflower,0.144,"leefilters.com filter page, Tungsten Transmission Y (the Source C daylight figure is also published and differs)",2026.09.29
L441,Full C T Straw,0.618,"leefilters.com filter page, Tungsten Transmission Y (the Source C daylight figure is also published and differs)",2026.09.29
L442,Half C T Straw,0.738,"leefilters.com filter page, Tungsten Transmission Y (the Source C daylight figure is also published and differs)",2026.09.29
L443,Quarter C T Straw,0.820,"leefilters.com filter page, Tungsten Transmission Y (the Source C daylight figure is also published and differs)",2026.09.29
L444,Eighth C T Straw,0.844,"leefilters.com filter page, Tungsten Transmission Y (the Source C daylight figure is also published and differs)",2026.09.29
L500,Double New Colour Blue,0.201,"leefilters.com filter page, Tungsten Transmission Y (the Source C daylight figure is also published and differs)",2026.09.29
L501,New Colour Blue Robertson Blue,0.406,"leefilters.com filter page, Tungsten Transmission Y (the Source C daylight figure is also published and differs)",2026.09.29
L502,Half New Colour Blue,0.597,"leefilters.com filter page, Tungsten Transmission Y (the Source C daylight figure is also published and differs)",2026.09.29
L503,Quarter New Colour Blue,0.735,"leefilters.com filter page, Tungsten Transmission Y (the Source C daylight figure is also published and differs)",2026.09.29
L504,Waterfront Green,0.552,"leefilters.com filter page, Tungsten Transmission Y (the Source C daylight figure is also published and differs)",2026.09.29
L505,Sally Green,0.711,"leefilters.com filter page, Tungsten Transmission Y (the Source C daylight figure is also published and differs)",2026.09.29
L506,Marlene,0.704,"leefilters.com filter page, Tungsten Transmission Y (the Source C daylight figure is also published and differs)",2026.09.29
L507,Madge,0.194,"leefilters.com filter page, Tungsten Transmission Y (the Source C daylight figure is also published and differs)",2026.09.29
L508,Midnight Maya,0.021,"leefilters.com filter page, Tungsten Transmission Y (the Source C daylight figure is also published and differs)",2026.09.29
L525,Argent Blue,0.135,"leefilters.com filter page, Tungsten Transmission Y (the Source C daylight figure is also published and differs)",2026.09.29
L550,Ald Gold,0.512,"leefilters.com filter page, Tungsten Transmission Y (the Source C daylight figure is also published and differs)",2026.09.29
L599,Nocturnal Blue,0.003,"leefilters.com filter page, Tungsten Transmission Y (the Source C daylight figure is also published and differs)",2026.09.29
L600,Arctic White,0.087,"leefilters.com filter page, Tungsten Transmission Y (the Source C daylight figure is also published and differs)",2026.09.29
L601,Silver,0.085,"leefilters.com filter page, Tungsten Transmission Y (the Source C daylight figure is also published and differs)",2026.09.29
L602,Platinum,0.145,"leefilters.com filter page, Tungsten Transmission Y (the Source C daylight figure is also published and differs)",2026.09.29
L603,Moonlight White,0.273,"leefilters.com filter page, Tungsten Transmission Y (the Source C daylight figure is also published and differs)",2026.09.29
L642,Half Mustard Yellow,0.151,"leefilters.com filter page, Tungsten Transmission Y (the Source C daylight figure is also published and differs)",2026.09.29
L650,Industry Sodium,0.355,"leefilters.com filter page, Tungsten Transmission Y (the Source C daylight figure is also published and differs)",2026.09.29
L651,Hi Sodium,0.542,"leefilters.com filter page, Tungsten Transmission Y (the Source C daylight figure is also published and differs)",2026.09.29
L652,Urban Sodium,0.263,"leefilters.com filter page, Tungsten Transmission Y (the Source C daylight figure is also published and differs)",2026.09.29
L653,Lo Sodium,0.028,"leefilters.com filter page, Tungsten Transmission Y (the Source C daylight figure is also published and differs)",2026.09.29
L700,Perfect Lavender,0.039,"leefilters.com filter page, Tungsten Transmission Y (the Source C daylight figure is also published and differs)",2026.09.29
L702,Special Pale Lavender,0.532,"leefilters.com filter page, Tungsten Transmission Y (the Source C daylight figure is also published and differs)",2026.09.29
L703,Cold Lavender,0.204,"leefilters.com filter page, Tungsten Transmission Y (the Source C daylight figure is also published and differs)",2026.09.29
L704,Lily,0.388,"leefilters.com filter page, Tungsten Transmission Y (the Source C daylight figure is also published and differs)",2026.09.29
L705,Lily Frost,0.379,"leefilters.com filter page, Tungsten Transmission Y (the Source C daylight figure is also published and differs)",2026.09.29
L706,King Fals Lavender,0.047,"leefilters.com filter page, Tungsten Transmission Y (the Source C daylight figure is also published and differs)",2026.09.29
L707,Ultimate Violet,0.015,"leefilters.com filter page, Tungsten Transmission Y (the Source C daylight figure is also published and differs)",2026.09.29
L708,Cool Lavender,0.412,"leefilters.com filter page, Tungsten Transmission Y (the Source C daylight figure is also published and differs)",2026.09.29
L709,Electric Lilac,0.329,"leefilters.com filter page, Tungsten Transmission Y (the Source C daylight figure is also published and differs)",2026.09.29
L710,Spir Special Blue,0.099,"leefilters.com filter page, Tungsten Transmission Y (the Source C daylight figure is also published and differs)",2026.09.29
L711,Cold Blue,0.128,"leefilters.com filter page, Tungsten Transmission Y (the Source C daylight figure is also published and differs)",2026.09.29
L712,Bedford Blue,0.149,"leefilters.com filter page, Tungsten Transmission Y (the Source C daylight figure is also published and differs)",2026.09.29
L713,J Winter Blue,0.005,"leefilters.com filter page, Tungsten Transmission Y (the Source C daylight figure is also published and differs)",2026.09.29
L714,Elysian Blue,0.048,"leefilters.com filter page, Tungsten Transmission Y (the Source C daylight figure is also published and differs)",2026.09.29
L715,Cabana Blue,0.043,"leefilters.com filter page, Tungsten Transmission Y (the Source C daylight figure is also published and differs)",2026.09.29
L716,Mikkel Blue,0.020,"leefilters.com filter page, Tungsten Transmission Y (the Source C daylight figure is also published and differs)",2026.09.29
L717,Shanklin Frost,0.320,"leefilters.com filter page, Tungsten Transmission Y (the Source C daylight figure is also published and differs)",2026.09.29
L718,Half Shanklin Frost,0.512,"leefilters.com filter page, Tungsten Transmission Y (the Source C daylight figure is also published and differs)",2026.09.29
L719,Colour Wash Blue,0.158,"leefilters.com filter page, Tungsten Transmission Y (the Source C daylight figure is also published and differs)",2026.09.29
L721,Berry Blue,0.037,"leefilters.com filter page, Tungsten Transmission Y (the Source C daylight figure is also published and differs)",2026.09.29
L722,Bray Blue,0.031,"leefilters.com filter page, Tungsten Transmission Y (the Source C daylight figure is also published and differs)",2026.09.29
L723,Virgin Blue,0.050,"leefilters.com filter page, Tungsten Transmission Y (the Source C daylight figure is also published and differs)",2026.09.29
L724,Ocean Blue,0.290,"leefilters.com filter page, Tungsten Transmission Y (the Source C daylight figure is also published and differs)",2026.09.29
L725,Old Steel Blue,0.512,"leefilters.com filter page, Tungsten Transmission Y (the Source C daylight figure is also published and differs)",2026.09.29
L727,Qfd Blue,0.043,"leefilters.com filter page, Tungsten Transmission Y (the Source C daylight figure is also published and differs)",2026.09.29
L728,Steel Green,0.414,"leefilters.com filter page, Tungsten Transmission Y (the Source C daylight figure is also published and differs)",2026.09.29
L729,Scuba Blue,0.057,"leefilters.com filter page, Tungsten Transmission Y (the Source C daylight figure is also published and differs)",2026.09.29
L730,Liberty Green,0.630,"leefilters.com filter page, Tungsten Transmission Y (the Source C daylight figure is also published and differs)",2026.09.29
L731,Dirty Ice,0.616,"leefilters.com filter page, Tungsten Transmission Y (the Source C daylight figure is also published and differs)",2026.09.29
L733,Damp Squib,0.626,"leefilters.com filter page, Tungsten Transmission Y (the Source C daylight figure is also published and differs)",2026.09.29
L735,Velvet Green,0.079,"leefilters.com filter page, Tungsten Transmission Y (the Source C daylight figure is also published and differs)",2026.09.29
L736,Twickenham Green,0.060,"leefilters.com filter page, Tungsten Transmission Y (the Source C daylight figure is also published and differs)",2026.09.29
L738,Jas Green,0.474,"leefilters.com filter page, Tungsten Transmission Y (the Source C daylight figure is also published and differs)",2026.09.29
L740,Aurora Borealis Green,0.035,"leefilters.com filter page, Tungsten Transmission Y (the Source C daylight figure is also published and differs)",2026.09.29
L741,Mustard Yellow,0.037,"leefilters.com filter page, Tungsten Transmission Y (the Source C daylight figure is also published and differs)",2026.09.29
L742,Bram Brown,0.124,"leefilters.com filter page, Tungsten Transmission Y (the Source C daylight figure is also published and differs)",2026.09.29
L744,Dirty White,0.621,"leefilters.com filter page, Tungsten Transmission Y (the Source C daylight figure is also published and differs)",2026.09.29
L746,Brown,0.013,"leefilters.com filter page, Tungsten Transmission Y (the Source C daylight figure is also published and differs)",2026.09.29
L747,Easy White,0.338,"leefilters.com filter page, Tungsten Transmission Y (the Source C daylight figure is also published and differs)",2026.09.29
L748,Seedy Pink,0.168,"leefilters.com filter page, Tungsten Transmission Y (the Source C daylight figure is also published and differs)",2026.09.29
L749,Hampshire Rose,0.768,"leefilters.com filter page, Tungsten Transmission Y (the Source C daylight figure is also published and differs)",2026.09.29
L763,Wheat,0.859,"leefilters.com filter page, Tungsten Transmission Y (the Source C daylight figure is also published and differs)",2026.09.29
L764,Sun Colour Straw,0.823,"leefilters.com filter page, Tungsten Transmission Y (the Source C daylight figure is also published and differs)",2026.09.29
L765,Lee Yellow,0.835,"leefilters.com filter page, Tungsten Transmission Y (the Source C daylight figure is also published and differs)",2026.09.29
L767,Oklahoma Yellow,0.729,"leefilters.com filter page, Tungsten Transmission Y (the Source C daylight figure is also published and differs)",2026.09.29
L768,Egg Yolk Yellow,0.632,"leefilters.com filter page, Tungsten Transmission Y (the Source C daylight figure is also published and differs)",2026.09.29
L770,Burnt Yellow,0.560,"leefilters.com filter page, Tungsten Transmission Y (the Source C daylight figure is also published and differs)",2026.09.29
L773,Cardbox Amber,0.658,"leefilters.com filter page, Tungsten Transmission Y (the Source C daylight figure is also published and differs)",2026.09.29
L774,Soft Amber Key 1,0.628,"leefilters.com filter page, Tungsten Transmission Y (the Source C daylight figure is also published and differs)",2026.09.29
L775,Soft Amber Key 2,0.639,"leefilters.com filter page, Tungsten Transmission Y (the Source C daylight figure is also published and differs)",2026.09.29
L776,Nectarine,0.600,"leefilters.com filter page, Tungsten Transmission Y (the Source C daylight figure is also published and differs)",2026.09.29
L777,Rust,0.303,"leefilters.com filter page, Tungsten Transmission Y (the Source C daylight figure is also published and differs)",2026.09.29
L778,Millennium Gold,0.354,"leefilters.com filter page, Tungsten Transmission Y (the Source C daylight figure is also published and differs)",2026.09.29
L779,Bastard Pink,0.478,"leefilters.com filter page, Tungsten Transmission Y (the Source C daylight figure is also published and differs)",2026.09.29
L780,As Golden Amber,0.342,"leefilters.com filter page, Tungsten Transmission Y (the Source C daylight figure is also published and differs)",2026.09.29
L787,Marius Red,0.017,"leefilters.com filter page, Tungsten Transmission Y (the Source C daylight figure is also published and differs)",2026.09.29
L789,Blood Red,0.019,"leefilters.com filter page, Tungsten Transmission Y (the Source C daylight figure is also published and differs)",2026.09.29
L790,Moroccan Pink,0.630,"leefilters.com filter page, Tungsten Transmission Y (the Source C daylight figure is also published and differs)",2026.09.29
L791,Moroccan Frost,0.620,"leefilters.com filter page, Tungsten Transmission Y (the Source C daylight figure is also published and differs)",2026.09.29
L793,Vanity Fair,0.168,"leefilters.com filter page, Tungsten Transmission Y (the Source C daylight figure is also published and differs)",2026.09.29
L794,Pretty N Pink,0.523,"leefilters.com filter page, Tungsten Transmission Y (the Source C daylight figure is also published and differs)",2026.09.29
L795,Magical Magenta,0.167,"leefilters.com filter page, Tungsten Transmission Y (the Source C daylight figure is also published and differs)",2026.09.29
L797,Deep Purple,0.028,"leefilters.com filter page, Tungsten Transmission Y (the Source C daylight figure is also published and differs)",2026.09.29
L798,Chrysalis Pink,0.035,"leefilters.com filter page, Tungsten Transmission Y (the Source C daylight figure is also published and differs)",2026.09.29
L799,Special Kh Lavender,0.008,"leefilters.com filter page, Tungsten Transmission Y (the Source C daylight figure is also published and differs)",2026.09.29
R02,Bastard Amber,0.78,us.rosco.com product page,2026.09.22
R33,No Color Pink,0.65,us.rosco.com product page,2026.09.22
R52,Light Lavender,0.26,us.rosco.com product page,2026.09.22
R60,No Color Blue,0.62,us.rosco.com product page,2026.09.22
R80,Primary Blue,0.09,us.rosco.com product page,2026.09.22
R114,Hamburg Frost,0.888,"Rosco myColor swatch app, read by Jerry 2026.09.22",2026.09.22
R119,Light Hamburg Frost,0.893,"Rosco myColor swatch app, read by Jerry 2026.09.22",2026.09.22
R132,Quarter Hamburg Frost,0.901,"Rosco myColor swatch app, read by Jerry 2026.09.22",2026.09.22
R3202,Full Blue (CTB),0.36,us.rosco.com product page,2026.09.22
R3204,Half Blue (1/2 CTB),0.52,Rosco figure via B&H / Performance Audio listings,2026.09.22
R3208,Quarter Blue (1/4 CTB),0.74,Rosco figure via B&H / Set Shop listings,2026.09.22
